<?xml version='1.0' encoding='UTF-8' ?>
<timeLogEntries>
  <time id="1" path="/AED_Labs/LAB_Unidad_2/Planning" start="@1567893185105" delta="15" />
  <time id="2" path="/AED_Labs/LAB_Unidad_2/Planning" start="@1567895064562" delta="3" interrupt="2" />
  <time id="3" path="/AED_Labs/LAB_Unidad_2/Planning" start="@1567898961386" delta="10" />
  <time id="4" path="/AED_Labs/LAB_Unidad_2/Planning" start="@1567901736991" delta="21" />
  <time id="5" path="/AED_Labs/LAB_Unidad_2/Planning" start="@1567904214670" delta="16" />
  <time id="6" path="/AED_Labs/LAB_Unidad_2/Planning" start="@1567906017585" delta="24" />
  <time id="7" path="/AED_Labs/LAB_Unidad_2/Planning" start="@1567908118702" delta="40" interrupt="1" />
  <time id="8" path="/AED_Labs/LAB_Unidad_2/Planning" start="@1567911360985" delta="60" interrupt="1" />
  <time id="9" path="/AED_Labs/LAB_Unidad_2/Planning" start="@1567958498542" delta="40" />
  <time id="10" path="/AED_Labs/LAB_Unidad_2/Planning" start="@1567961672452" delta="28" />
  <time id="11" path="/AED_Labs/LAB_Unidad_2/Planning" start="@1567964601022" delta="1" />
  <time id="12" path="/AED_Labs/LAB_Unidad_2/Design" start="@1568230427775" delta="13" />
  <time id="13" path="/AED_Labs/LAB_Unidad_2/Design" start="@1568560126735" delta="42" interrupt="5" />
  <time id="14" path="/AED_Labs/LAB_Unidad_2/Design" start="@1568563638597" delta="40" />
  <time id="15" path="/AED_Labs/LAB_Unidad_2/Design" start="@1568566776205" delta="40" />
  <time id="16" path="/AED_Labs/LAB_Unidad_2/Design" start="@1568569845236" delta="40" />
  <time id="17" path="/AED_Labs/LAB_Unidad_2/Design" start="@1568572882218" delta="50" interrupt="104" />
  <time id="18" path="/AED_Labs/LAB_Unidad_2/Design" start="@1568584040552" delta="10" />
  <time id="19" path="/AED_Labs/LAB_Unidad_2/Design" start="@1568585376309" delta="55" interrupt="10" />
  <time id="20" path="/AED_Labs/LAB_Unidad_2/Code" start="@1568589326751" delta="33" />
  <time id="21" path="/AED_Labs/LAB_Unidad_2/Code" start="@1568591951415" delta="274" interrupt="9" />
  <time id="22" path="/Proyecto Final/FerrorcarrilSubterraneo/Planning" start="@1573312057039" delta="143" />
  <time id="23" path="/Proyecto Final/FerrorcarrilSubterraneo/Planning" start="@1573321112663" delta="77" interrupt="5" />
  <time id="24" path="/Proyecto Final/FerrorcarrilSubterraneo/Design" start="@1573330268466" delta="194" interrupt="22" />
  <time id="25" path="/Proyecto Final/FerrorcarrilSubterraneo/Design" start="@1573402625025" delta="82" />
  <time id="26" path="/Proyecto Final/FerrorcarrilSubterraneo/Design" start="@1573409287911" delta="46" />
  <time id="27" path="/Proyecto Final/FerrorcarrilSubterraneo/Design" start="@1573413305066" delta="12" interrupt="1" />
  <time id="28" path="/Proyecto Final/FerrorcarrilSubterraneo/Design" start="@1573415279439" delta="35" />
</timeLogEntries>
